date,hashrateTHs
2013-01-01,25000.00
2013-01-02,25096.77
2013-01-03,25193.55
2013-01-04,25290.32
2013-01-05,25387.10
2013-01-06,25483.87
2013-01-07,25580.65
2013-01-08,25677.42
2013-01-09,25774.19
2013-01-10,25870.97
2013-01-11,25967.74
2013-01-12,26064.52
2013-01-13,26161.29
2013-01-14,26258.06
2013-01-15,26354.84
2013-01-16,26451.61
2013-01-17,26548.39
2013-01-18,26645.16
2013-01-19,26741.94
2013-01-20,26838.71
2013-01-21,26935.48
2013-01-22,27032.26
2013-01-23,27129.03
2013-01-24,27225.81
2013-01-25,27322.58
2013-01-26,27419.35
2013-01-27,27516.13
2013-01-28,27612.90
2013-01-29,27709.68
2013-01-30,27806.45
2013-01-31,27903.23
2013-02-01,28000.00
2013-02-02,28142.86
2013-02-03,28285.71
2013-02-04,28428.57
2013-02-05,28571.43
2013-02-06,28714.29
2013-02-07,28857.14
2013-02-08,29000.00
2013-02-09,29142.86
2013-02-10,29285.71
2013-02-11,29428.57
2013-02-12,29571.43
2013-02-13,29714.29
2013-02-14,29857.14
2013-02-15,30000.00
2013-02-16,30142.86
2013-02-17,30285.71
2013-02-18,30428.57
2013-02-19,30571.43
2013-02-20,30714.29
2013-02-21,30857.14
2013-02-22,31000.00
2013-02-23,31142.86
2013-02-24,31285.71
2013-02-25,31428.57
2013-02-26,31571.43
2013-02-27,31714.29
2013-02-28,31857.14
2013-03-01,32000.00
2013-03-02,32580.65
2013-03-03,33161.29
2013-03-04,33741.94
2013-03-05,34322.58
2013-03-06,34903.23
2013-03-07,35483.87
2013-03-08,36064.52
2013-03-09,36645.16
2013-03-10,37225.81
2013-03-11,37806.45
2013-03-12,38387.10
2013-03-13,38967.74
2013-03-14,39548.39
2013-03-15,40129.03
2013-03-16,40709.68
2013-03-17,41290.32
2013-03-18,41870.97
2013-03-19,42451.61
2013-03-20,43032.26
2013-03-21,43612.90
2013-03-22,44193.55
2013-03-23,44774.19
2013-03-24,45354.84
2013-03-25,45935.48
2013-03-26,46516.13
2013-03-27,47096.77
2013-03-28,47677.42
2013-03-29,48258.06
2013-03-30,48838.71
2013-03-31,49419.35
2013-04-01,50000.00
2013-04-02,50400.00
2013-04-03,50800.00
2013-04-04,51200.00
2013-04-05,51600.00
2013-04-06,52000.00
2013-04-07,52400.00
2013-04-08,52800.00
2013-04-09,53200.00
2013-04-10,53600.00
2013-04-11,54000.00
2013-04-12,54400.00
2013-04-13,54800.00
2013-04-14,55200.00
2013-04-15,55600.00
2013-04-16,56000.00
2013-04-17,56400.00
2013-04-18,56800.00
2013-04-19,57200.00
2013-04-20,57600.00
2013-04-21,58000.00
2013-04-22,58400.00
2013-04-23,58800.00
2013-04-24,59200.00
2013-04-25,59600.00
2013-04-26,60000.00
2013-04-27,60400.00
2013-04-28,60800.00
2013-04-29,61200.00
2013-04-30,61600.00
2013-05-01,62000.00
2013-05-02,61870.97
2013-05-03,61741.94
2013-05-04,61612.90
2013-05-05,61483.87
2013-05-06,61354.84
2013-05-07,61225.81
2013-05-08,61096.77
2013-05-09,60967.74
2013-05-10,60838.71
2013-05-11,60709.68
2013-05-12,60580.65
2013-05-13,60451.61
2013-05-14,60322.58
2013-05-15,60193.55
2013-05-16,60064.52
2013-05-17,59935.48
2013-05-18,59806.45
2013-05-19,59677.42
2013-05-20,59548.39
2013-05-21,59419.35
2013-05-22,59290.32
2013-05-23,59161.29
2013-05-24,59032.26
2013-05-25,58903.23
2013-05-26,58774.19
2013-05-27,58645.16
2013-05-28,58516.13
2013-05-29,58387.10
2013-05-30,58258.06
2013-05-31,58129.03
2013-06-01,58000.00
2013-06-02,58200.00
2013-06-03,58400.00
2013-06-04,58600.00
2013-06-05,58800.00
2013-06-06,59000.00
2013-06-07,59200.00
2013-06-08,59400.00
2013-06-09,59600.00
2013-06-10,59800.00
2013-06-11,60000.00
2013-06-12,60200.00
2013-06-13,60400.00
2013-06-14,60600.00
2013-06-15,60800.00
2013-06-16,61000.00
2013-06-17,61200.00
2013-06-18,61400.00
2013-06-19,61600.00
2013-06-20,61800.00
2013-06-21,62000.00
2013-06-22,62200.00
2013-06-23,62400.00
2013-06-24,62600.00
2013-06-25,62800.00
2013-06-26,63000.00
2013-06-27,63200.00
2013-06-28,63400.00
2013-06-29,63600.00
2013-06-30,63800.00
2013-07-01,64000.00
2013-07-02,64193.55
2013-07-03,64387.10
2013-07-04,64580.65
2013-07-05,64774.19
2013-07-06,64967.74
2013-07-07,65161.29
2013-07-08,65354.84
2013-07-09,65548.39
2013-07-10,65741.94
2013-07-11,65935.48
2013-07-12,66129.03
2013-07-13,66322.58
2013-07-14,66516.13
2013-07-15,66709.68
2013-07-16,66903.23
2013-07-17,67096.77
2013-07-18,67290.32
2013-07-19,67483.87
2013-07-20,67677.42
2013-07-21,67870.97
2013-07-22,68064.52
2013-07-23,68258.06
2013-07-24,68451.61
2013-07-25,68645.16
2013-07-26,68838.71
2013-07-27,69032.26
2013-07-28,69225.81
2013-07-29,69419.35
2013-07-30,69612.90
2013-07-31,69806.45
2013-08-01,70000.00
2013-08-02,70387.10
2013-08-03,70774.19
2013-08-04,71161.29
2013-08-05,71548.39
2013-08-06,71935.48
2013-08-07,72322.58
2013-08-08,72709.68
2013-08-09,73096.77
2013-08-10,73483.87
2013-08-11,73870.97
2013-08-12,74258.06
2013-08-13,74645.16
2013-08-14,75032.26
2013-08-15,75419.35
2013-08-16,75806.45
2013-08-17,76193.55
2013-08-18,76580.65
2013-08-19,76967.74
2013-08-20,77354.84
2013-08-21,77741.94
2013-08-22,78129.03
2013-08-23,78516.13
2013-08-24,78903.23
2013-08-25,79290.32
2013-08-26,79677.42
2013-08-27,80064.52
2013-08-28,80451.61
2013-08-29,80838.71
2013-08-30,81225.81
2013-08-31,81612.90
2013-09-01,82000.00
2013-09-02,82533.33
2013-09-03,83066.67
2013-09-04,83600.00
2013-09-05,84133.33
2013-09-06,84666.67
2013-09-07,85200.00
2013-09-08,85733.33
2013-09-09,86266.67
2013-09-10,86800.00
2013-09-11,87333.33
2013-09-12,87866.67
2013-09-13,88400.00
2013-09-14,88933.33
2013-09-15,89466.67
2013-09-16,90000.00
2013-09-17,90533.33
2013-09-18,91066.67
2013-09-19,91600.00
2013-09-20,92133.33
2013-09-21,92666.67
2013-09-22,93200.00
2013-09-23,93733.33
2013-09-24,94266.67
2013-09-25,94800.00
2013-09-26,95333.33
2013-09-27,95866.67
2013-09-28,96400.00
2013-09-29,96933.33
2013-09-30,97466.67
2013-10-01,98000.00
2013-10-02,99032.26
2013-10-03,100064.52
2013-10-04,101096.77
2013-10-05,102129.03
2013-10-06,103161.29
2013-10-07,104193.55
2013-10-08,105225.81
2013-10-09,106258.06
2013-10-10,107290.32
2013-10-11,108322.58
2013-10-12,109354.84
2013-10-13,110387.10
2013-10-14,111419.35
2013-10-15,112451.61
2013-10-16,113483.87
2013-10-17,114516.13
2013-10-18,115548.39
2013-10-19,116580.65
2013-10-20,117612.90
2013-10-21,118645.16
2013-10-22,119677.42
2013-10-23,120709.68
2013-10-24,121741.94
2013-10-25,122774.19
2013-10-26,123806.45
2013-10-27,124838.71
2013-10-28,125870.97
2013-10-29,126903.23
2013-10-30,127935.48
2013-10-31,128967.74
2013-11-01,130000.00
2013-11-02,131666.67
2013-11-03,133333.33
2013-11-04,135000.00
2013-11-05,136666.67
2013-11-06,138333.33
2013-11-07,140000.00
2013-11-08,141666.67
2013-11-09,143333.33
2013-11-10,145000.00
2013-11-11,146666.67
2013-11-12,148333.33
2013-11-13,150000.00
2013-11-14,151666.67
2013-11-15,153333.33
2013-11-16,155000.00
2013-11-17,156666.67
2013-11-18,158333.33
2013-11-19,160000.00
2013-11-20,161666.67
2013-11-21,163333.33
2013-11-22,165000.00
2013-11-23,166666.67
2013-11-24,168333.33
2013-11-25,170000.00
2013-11-26,171666.67
2013-11-27,173333.33
2013-11-28,175000.00
2013-11-29,176666.67
2013-11-30,178333.33
2013-12-01,180000.00
2013-12-02,181612.90
2013-12-03,183225.81
2013-12-04,184838.71
2013-12-05,186451.61
2013-12-06,188064.52
2013-12-07,189677.42
2013-12-08,191290.32
2013-12-09,192903.23
2013-12-10,194516.13
2013-12-11,196129.03
2013-12-12,197741.94
2013-12-13,199354.84
2013-12-14,200967.74
2013-12-15,202580.65
2013-12-16,204193.55
2013-12-17,205806.45
2013-12-18,207419.35
2013-12-19,209032.26
2013-12-20,210645.16
2013-12-21,212258.06
2013-12-22,213870.97
2013-12-23,215483.87
2013-12-24,217096.77
2013-12-25,218709.68
2013-12-26,220322.58
2013-12-27,221935.48
2013-12-28,223548.39
2013-12-29,225161.29
2013-12-30,226774.19
2013-12-31,228387.10
2014-01-01,230000.00
2014-01-02,230967.74
2014-01-03,231935.48
2014-01-04,232903.23
2014-01-05,233870.97
2014-01-06,234838.71
2014-01-07,235806.45
2014-01-08,236774.19
2014-01-09,237741.94
2014-01-10,238709.68
2014-01-11,239677.42
2014-01-12,240645.16
2014-01-13,241612.90
2014-01-14,242580.65
2014-01-15,243548.39
2014-01-16,244516.13
2014-01-17,245483.87
2014-01-18,246451.61
2014-01-19,247419.35
2014-01-20,248387.10
2014-01-21,249354.84
2014-01-22,250322.58
2014-01-23,251290.32
2014-01-24,252258.06
2014-01-25,253225.81
2014-01-26,254193.55
2014-01-27,255161.29
2014-01-28,256129.03
2014-01-29,257096.77
2014-01-30,258064.52
2014-01-31,259032.26
2014-02-01,260000.00
2014-02-02,259642.86
2014-02-03,259285.71
2014-02-04,258928.57
2014-02-05,258571.43
2014-02-06,258214.29
2014-02-07,257857.14
2014-02-08,257500.00
2014-02-09,257142.86
2014-02-10,256785.71
2014-02-11,256428.57
2014-02-12,256071.43
2014-02-13,255714.29
2014-02-14,255357.14
2014-02-15,255000.00
2014-02-16,254642.86
2014-02-17,254285.71
2014-02-18,253928.57
2014-02-19,253571.43
2014-02-20,253214.29
2014-02-21,252857.14
2014-02-22,252500.00
2014-02-23,252142.86
2014-02-24,251785.71
2014-02-25,251428.57
2014-02-26,251071.43
2014-02-27,250714.29
2014-02-28,250357.14
2014-03-01,250000.00
2014-03-02,249677.42
2014-03-03,249354.84
2014-03-04,249032.26
2014-03-05,248709.68
2014-03-06,248387.10
2014-03-07,248064.52
2014-03-08,247741.94
2014-03-09,247419.35
2014-03-10,247096.77
2014-03-11,246774.19
2014-03-12,246451.61
2014-03-13,246129.03
2014-03-14,245806.45
2014-03-15,245483.87
2014-03-16,245161.29
2014-03-17,244838.71
2014-03-18,244516.13
2014-03-19,244193.55
2014-03-20,243870.97
2014-03-21,243548.39
2014-03-22,243225.81
2014-03-23,242903.23
2014-03-24,242580.65
2014-03-25,242258.06
2014-03-26,241935.48
2014-03-27,241612.90
2014-03-28,241290.32
2014-03-29,240967.74
2014-03-30,240645.16
2014-03-31,240322.58
2014-04-01,240000.00
2014-04-02,240500.00
2014-04-03,241000.00
2014-04-04,241500.00
2014-04-05,242000.00
2014-04-06,242500.00
2014-04-07,243000.00
2014-04-08,243500.00
2014-04-09,244000.00
2014-04-10,244500.00
2014-04-11,245000.00
2014-04-12,245500.00
2014-04-13,246000.00
2014-04-14,246500.00
2014-04-15,247000.00
2014-04-16,247500.00
2014-04-17,248000.00
2014-04-18,248500.00
2014-04-19,249000.00
2014-04-20,249500.00
2014-04-21,250000.00
2014-04-22,250500.00
2014-04-23,251000.00
2014-04-24,251500.00
2014-04-25,252000.00
2014-04-26,252500.00
2014-04-27,253000.00
2014-04-28,253500.00
2014-04-29,254000.00
2014-04-30,254500.00
2014-05-01,255000.00
2014-05-02,255806.45
2014-05-03,256612.90
2014-05-04,257419.35
2014-05-05,258225.81
2014-05-06,259032.26
2014-05-07,259838.71
2014-05-08,260645.16
2014-05-09,261451.61
2014-05-10,262258.06
2014-05-11,263064.52
2014-05-12,263870.97
2014-05-13,264677.42
2014-05-14,265483.87
2014-05-15,266290.32
2014-05-16,267096.77
2014-05-17,267903.23
2014-05-18,268709.68
2014-05-19,269516.13
2014-05-20,270322.58
2014-05-21,271129.03
2014-05-22,271935.48
2014-05-23,272741.94
2014-05-24,273548.39
2014-05-25,274354.84
2014-05-26,275161.29
2014-05-27,275967.74
2014-05-28,276774.19
2014-05-29,277580.65
2014-05-30,278387.10
2014-05-31,279193.55
2014-06-01,280000.00
2014-06-02,281333.33
2014-06-03,282666.67
2014-06-04,284000.00
2014-06-05,285333.33
2014-06-06,286666.67
2014-06-07,288000.00
2014-06-08,289333.33
2014-06-09,290666.67
2014-06-10,292000.00
2014-06-11,293333.33
2014-06-12,294666.67
2014-06-13,296000.00
2014-06-14,297333.33
2014-06-15,298666.67
2014-06-16,300000.00
2014-06-17,301333.33
2014-06-18,302666.67
2014-06-19,304000.00
2014-06-20,305333.33
2014-06-21,306666.67
2014-06-22,308000.00
2014-06-23,309333.33
2014-06-24,310666.67
2014-06-25,312000.00
2014-06-26,313333.33
2014-06-27,314666.67
2014-06-28,316000.00
2014-06-29,317333.33
2014-06-30,318666.67
2014-07-01,320000.00
2014-07-02,321290.32
2014-07-03,322580.65
2014-07-04,323870.97
2014-07-05,325161.29
2014-07-06,326451.61
2014-07-07,327741.94
2014-07-08,329032.26
2014-07-09,330322.58
2014-07-10,331612.90
2014-07-11,332903.23
2014-07-12,334193.55
2014-07-13,335483.87
2014-07-14,336774.19
2014-07-15,338064.52
2014-07-16,339354.84
2014-07-17,340645.16
2014-07-18,341935.48
2014-07-19,343225.81
2014-07-20,344516.13
2014-07-21,345806.45
2014-07-22,347096.77
2014-07-23,348387.10
2014-07-24,349677.42
2014-07-25,350967.74
2014-07-26,352258.06
2014-07-27,353548.39
2014-07-28,354838.71
2014-07-29,356129.03
2014-07-30,357419.35
2014-07-31,358709.68
2014-08-01,360000.00
2014-08-02,360967.74
2014-08-03,361935.48
2014-08-04,362903.23
2014-08-05,363870.97
2014-08-06,364838.71
2014-08-07,365806.45
2014-08-08,366774.19
2014-08-09,367741.94
2014-08-10,368709.68
2014-08-11,369677.42
2014-08-12,370645.16
2014-08-13,371612.90
2014-08-14,372580.65
2014-08-15,373548.39
2014-08-16,374516.13
2014-08-17,375483.87
2014-08-18,376451.61
2014-08-19,377419.35
2014-08-20,378387.10
2014-08-21,379354.84
2014-08-22,380322.58
2014-08-23,381290.32
2014-08-24,382258.06
2014-08-25,383225.81
2014-08-26,384193.55
2014-08-27,385161.29
2014-08-28,386129.03
2014-08-29,387096.77
2014-08-30,388064.52
2014-08-31,389032.26
2014-09-01,390000.00
2014-09-02,391000.00
2014-09-03,392000.00
2014-09-04,393000.00
2014-09-05,394000.00
2014-09-06,395000.00
2014-09-07,396000.00
2014-09-08,397000.00
2014-09-09,398000.00
2014-09-10,399000.00
2014-09-11,400000.00
2014-09-12,401000.00
2014-09-13,402000.00
2014-09-14,403000.00
2014-09-15,404000.00
2014-09-16,405000.00
2014-09-17,406000.00
2014-09-18,407000.00
2014-09-19,408000.00
2014-09-20,409000.00
2014-09-21,410000.00
2014-09-22,411000.00
2014-09-23,412000.00
2014-09-24,413000.00
2014-09-25,414000.00
2014-09-26,415000.00
2014-09-27,416000.00
2014-09-28,417000.00
2014-09-29,418000.00
2014-09-30,419000.00
2014-10-01,420000.00
2014-10-02,420967.74
2014-10-03,421935.48
2014-10-04,422903.23
2014-10-05,423870.97
2014-10-06,424838.71
2014-10-07,425806.45
2014-10-08,426774.19
2014-10-09,427741.94
2014-10-10,428709.68
2014-10-11,429677.42
2014-10-12,430645.16
2014-10-13,431612.90
2014-10-14,432580.65
2014-10-15,433548.39
2014-10-16,434516.13
2014-10-17,435483.87
2014-10-18,436451.61
2014-10-19,437419.35
2014-10-20,438387.10
2014-10-21,439354.84
2014-10-22,440322.58
2014-10-23,441290.32
2014-10-24,442258.06
2014-10-25,443225.81
2014-10-26,444193.55
2014-10-27,445161.29
2014-10-28,446129.03
2014-10-29,447096.77
2014-10-30,448064.52
2014-10-31,449032.26
2014-11-01,450000.00
2014-11-02,451666.67
2014-11-03,453333.33
2014-11-04,455000.00
2014-11-05,456666.67
2014-11-06,458333.33
2014-11-07,460000.00
2014-11-08,461666.67
2014-11-09,463333.33
2014-11-10,465000.00
2014-11-11,466666.67
2014-11-12,468333.33
2014-11-13,470000.00
2014-11-14,471666.67
2014-11-15,473333.33
2014-11-16,475000.00
2014-11-17,476666.67
2014-11-18,478333.33
2014-11-19,480000.00
2014-11-20,481666.67
2014-11-21,483333.33
2014-11-22,485000.00
2014-11-23,486666.67
2014-11-24,488333.33
2014-11-25,490000.00
2014-11-26,491666.67
2014-11-27,493333.33
2014-11-28,495000.00
2014-11-29,496666.67
2014-11-30,498333.33
2014-12-01,500000.00
2014-12-02,501935.48
2014-12-03,503870.97
2014-12-04,505806.45
2014-12-05,507741.94
2014-12-06,509677.42
2014-12-07,511612.90
2014-12-08,513548.39
2014-12-09,515483.87
2014-12-10,517419.35
2014-12-11,519354.84
2014-12-12,521290.32
2014-12-13,523225.81
2014-12-14,525161.29
2014-12-15,527096.77
2014-12-16,529032.26
2014-12-17,530967.74
2014-12-18,532903.23
2014-12-19,534838.71
2014-12-20,536774.19
2014-12-21,538709.68
2014-12-22,540645.16
2014-12-23,542580.65
2014-12-24,544516.13
2014-12-25,546451.61
2014-12-26,548387.10
2014-12-27,550322.58
2014-12-28,552258.06
2014-12-29,554193.55
2014-12-30,556129.03
2014-12-31,558064.52
2015-01-01,560000.00
2015-01-02,561935.48
2015-01-03,563870.97
2015-01-04,565806.45
2015-01-05,567741.94
2015-01-06,569677.42
2015-01-07,571612.90
2015-01-08,573548.39
2015-01-09,575483.87
2015-01-10,577419.35
2015-01-11,579354.84
2015-01-12,581290.32
2015-01-13,583225.81
2015-01-14,585161.29
2015-01-15,587096.77
2015-01-16,589032.26
2015-01-17,590967.74
2015-01-18,592903.23
2015-01-19,594838.71
2015-01-20,596774.19
2015-01-21,598709.68
2015-01-22,600645.16
2015-01-23,602580.65
2015-01-24,604516.13
2015-01-25,606451.61
2015-01-26,608387.10
2015-01-27,610322.58
2015-01-28,612258.06
2015-01-29,614193.55
2015-01-30,616129.03
2015-01-31,618064.52
2015-02-01,620000.00
2015-02-02,621785.71
2015-02-03,623571.43
2015-02-04,625357.14
2015-02-05,627142.86
2015-02-06,628928.57
2015-02-07,630714.29
2015-02-08,632500.00
2015-02-09,634285.71
2015-02-10,636071.43
2015-02-11,637857.14
2015-02-12,639642.86
2015-02-13,641428.57
2015-02-14,643214.29
2015-02-15,645000.00
2015-02-16,646785.71
2015-02-17,648571.43
2015-02-18,650357.14
2015-02-19,652142.86
2015-02-20,653928.57
2015-02-21,655714.29
2015-02-22,657500.00
2015-02-23,659285.71
2015-02-24,661071.43
2015-02-25,662857.14
2015-02-26,664642.86
2015-02-27,666428.57
2015-02-28,668214.29
2015-03-01,670000.00
2015-03-02,671612.90
2015-03-03,673225.81
2015-03-04,674838.71
2015-03-05,676451.61
2015-03-06,678064.52
2015-03-07,679677.42
2015-03-08,681290.32
2015-03-09,682903.23
2015-03-10,684516.13
2015-03-11,686129.03
2015-03-12,687741.94
2015-03-13,689354.84
2015-03-14,690967.74
2015-03-15,692580.65
2015-03-16,694193.55
2015-03-17,695806.45
2015-03-18,697419.35
2015-03-19,699032.26
2015-03-20,700645.16
2015-03-21,702258.06
2015-03-22,703870.97
2015-03-23,705483.87
2015-03-24,707096.77
2015-03-25,708709.68
2015-03-26,710322.58
2015-03-27,711935.48
2015-03-28,713548.39
2015-03-29,715161.29
2015-03-30,716774.19
2015-03-31,718387.10
2015-04-01,720000.00
2015-04-02,722000.00
2015-04-03,724000.00
2015-04-04,726000.00
2015-04-05,728000.00
2015-04-06,730000.00
2015-04-07,732000.00
2015-04-08,734000.00
2015-04-09,736000.00
2015-04-10,738000.00
2015-04-11,740000.00
2015-04-12,742000.00
2015-04-13,744000.00
2015-04-14,746000.00
2015-04-15,748000.00
2015-04-16,750000.00
2015-04-17,752000.00
2015-04-18,754000.00
2015-04-19,756000.00
2015-04-20,758000.00
2015-04-21,760000.00
2015-04-22,762000.00
2015-04-23,764000.00
2015-04-24,766000.00
2015-04-25,768000.00
2015-04-26,770000.00
2015-04-27,772000.00
2015-04-28,774000.00
2015-04-29,776000.00
2015-04-30,778000.00
2015-05-01,780000.00
2015-05-02,782580.65
2015-05-03,785161.29
2015-05-04,787741.94
2015-05-05,790322.58
2015-05-06,792903.23
2015-05-07,795483.87
2015-05-08,798064.52
2015-05-09,800645.16
2015-05-10,803225.81
2015-05-11,805806.45
2015-05-12,808387.10
2015-05-13,810967.74
2015-05-14,813548.39
2015-05-15,816129.03
2015-05-16,818709.68
2015-05-17,821290.32
2015-05-18,823870.97
2015-05-19,826451.61
2015-05-20,829032.26
2015-05-21,831612.90
2015-05-22,834193.55
2015-05-23,836774.19
2015-05-24,839354.84
2015-05-25,841935.48
2015-05-26,844516.13
2015-05-27,847096.77
2015-05-28,849677.42
2015-05-29,852258.06
2015-05-30,854838.71
2015-05-31,857419.35
2015-06-01,860000.00
2015-06-02,862666.67
2015-06-03,865333.33
2015-06-04,868000.00
2015-06-05,870666.67
2015-06-06,873333.33
2015-06-07,876000.00
2015-06-08,878666.67
2015-06-09,881333.33
2015-06-10,884000.00
2015-06-11,886666.67
2015-06-12,889333.33
2015-06-13,892000.00
2015-06-14,894666.67
2015-06-15,897333.33
2015-06-16,900000.00
2015-06-17,902666.67
2015-06-18,905333.33
2015-06-19,908000.00
2015-06-20,910666.67
2015-06-21,913333.33
2015-06-22,916000.00
2015-06-23,918666.67
2015-06-24,921333.33
2015-06-25,924000.00
2015-06-26,926666.67
2015-06-27,929333.33
2015-06-28,932000.00
2015-06-29,934666.67
2015-06-30,937333.33
2015-07-01,940000.00
2015-07-02,941935.48
2015-07-03,943870.97
2015-07-04,945806.45
2015-07-05,947741.94
2015-07-06,949677.42
2015-07-07,951612.90
2015-07-08,953548.39
2015-07-09,955483.87
2015-07-10,957419.35
2015-07-11,959354.84
2015-07-12,961290.32
2015-07-13,963225.81
2015-07-14,965161.29
2015-07-15,967096.77
2015-07-16,969032.26
2015-07-17,970967.74
2015-07-18,972903.23
2015-07-19,974838.71
2015-07-20,976774.19
2015-07-21,978709.68
2015-07-22,980645.16
2015-07-23,982580.65
2015-07-24,984516.13
2015-07-25,986451.61
2015-07-26,988387.10
2015-07-27,990322.58
2015-07-28,992258.06
2015-07-29,994193.55
2015-07-30,996129.03
2015-07-31,998064.52
2015-08-01,1000000.00
2015-08-02,1000967.74
2015-08-03,1001935.48
2015-08-04,1002903.23
2015-08-05,1003870.97
2015-08-06,1004838.71
2015-08-07,1005806.45
2015-08-08,1006774.19
2015-08-09,1007741.94
2015-08-10,1008709.68
2015-08-11,1009677.42
2015-08-12,1010645.16
2015-08-13,1011612.90
2015-08-14,1012580.65
2015-08-15,1013548.39
2015-08-16,1014516.13
2015-08-17,1015483.87
2015-08-18,1016451.61
2015-08-19,1017419.35
2015-08-20,1018387.10
2015-08-21,1019354.84
2015-08-22,1020322.58
2015-08-23,1021290.32
2015-08-24,1022258.06
2015-08-25,1023225.81
2015-08-26,1024193.55
2015-08-27,1025161.29
2015-08-28,1026129.03
2015-08-29,1027096.77
2015-08-30,1028064.52
2015-08-31,1029032.26
2015-09-01,1030000.00
2015-09-02,1032333.33
2015-09-03,1034666.67
2015-09-04,1037000.00
2015-09-05,1039333.33
2015-09-06,1041666.67
2015-09-07,1044000.00
2015-09-08,1046333.33
2015-09-09,1048666.67
2015-09-10,1051000.00
2015-09-11,1053333.33
2015-09-12,1055666.67
2015-09-13,1058000.00
2015-09-14,1060333.33
2015-09-15,1062666.67
2015-09-16,1065000.00
2015-09-17,1067333.33
2015-09-18,1069666.67
2015-09-19,1072000.00
2015-09-20,1074333.33
2015-09-21,1076666.67
2015-09-22,1079000.00
2015-09-23,1081333.33
2015-09-24,1083666.67
2015-09-25,1086000.00
2015-09-26,1088333.33
2015-09-27,1090666.67
2015-09-28,1093000.00
2015-09-29,1095333.33
2015-09-30,1097666.67
2015-10-01,1100000.00
2015-10-02,1102580.65
2015-10-03,1105161.29
2015-10-04,1107741.94
2015-10-05,1110322.58
2015-10-06,1112903.23
2015-10-07,1115483.87
2015-10-08,1118064.52
2015-10-09,1120645.16
2015-10-10,1123225.81
2015-10-11,1125806.45
2015-10-12,1128387.10
2015-10-13,1130967.74
2015-10-14,1133548.39
2015-10-15,1136129.03
2015-10-16,1138709.68
2015-10-17,1141290.32
2015-10-18,1143870.97
2015-10-19,1146451.61
2015-10-20,1149032.26
2015-10-21,1151612.90
2015-10-22,1154193.55
2015-10-23,1156774.19
2015-10-24,1159354.84
2015-10-25,1161935.48
2015-10-26,1164516.13
2015-10-27,1167096.77
2015-10-28,1169677.42
2015-10-29,1172258.06
2015-10-30,1174838.71
2015-10-31,1177419.35
2015-11-01,1180000.00
2015-11-02,1183000.00
2015-11-03,1186000.00
2015-11-04,1189000.00
2015-11-05,1192000.00
2015-11-06,1195000.00
2015-11-07,1198000.00
2015-11-08,1201000.00
2015-11-09,1204000.00
2015-11-10,1207000.00
2015-11-11,1210000.00
2015-11-12,1213000.00
2015-11-13,1216000.00
2015-11-14,1219000.00
2015-11-15,1222000.00
2015-11-16,1225000.00
2015-11-17,1228000.00
2015-11-18,1231000.00
2015-11-19,1234000.00
2015-11-20,1237000.00
2015-11-21,1240000.00
2015-11-22,1243000.00
2015-11-23,1246000.00
2015-11-24,1249000.00
2015-11-25,1252000.00
2015-11-26,1255000.00
2015-11-27,1258000.00
2015-11-28,1261000.00
2015-11-29,1264000.00
2015-11-30,1267000.00
2015-12-01,1270000.00
2015-12-02,1273548.39
2015-12-03,1277096.77
2015-12-04,1280645.16
2015-12-05,1284193.55
2015-12-06,1287741.94
2015-12-07,1291290.32
2015-12-08,1294838.71
2015-12-09,1298387.10
2015-12-10,1301935.48
2015-12-11,1305483.87
2015-12-12,1309032.26
2015-12-13,1312580.65
2015-12-14,1316129.03
2015-12-15,1319677.42
2015-12-16,1323225.81
2015-12-17,1326774.19
2015-12-18,1330322.58
2015-12-19,1333870.97
2015-12-20,1337419.35
2015-12-21,1340967.74
2015-12-22,1344516.13
2015-12-23,1348064.52
2015-12-24,1351612.90
2015-12-25,1355161.29
2015-12-26,1358709.68
2015-12-27,1362258.06
2015-12-28,1365806.45
2015-12-29,1369354.84
2015-12-30,1372903.23
2015-12-31,1376451.61
2016-01-01,1380000.00
2016-01-02,1383870.97
2016-01-03,1387741.94
2016-01-04,1391612.90
2016-01-05,1395483.87
2016-01-06,1399354.84
2016-01-07,1403225.81
2016-01-08,1407096.77
2016-01-09,1410967.74
2016-01-10,1414838.71
2016-01-11,1418709.68
2016-01-12,1422580.65
2016-01-13,1426451.61
2016-01-14,1430322.58
2016-01-15,1434193.55
2016-01-16,1438064.52
2016-01-17,1441935.48
2016-01-18,1445806.45
2016-01-19,1449677.42
2016-01-20,1453548.39
2016-01-21,1457419.35
2016-01-22,1461290.32
2016-01-23,1465161.29
2016-01-24,1469032.26
2016-01-25,1472903.23
2016-01-26,1476774.19
2016-01-27,1480645.16
2016-01-28,1484516.13
2016-01-29,1488387.10
2016-01-30,1492258.06
2016-01-31,1496129.03
2016-02-01,1500000.00
2016-02-02,1505172.41
2016-02-03,1510344.83
2016-02-04,1515517.24
2016-02-05,1520689.66
2016-02-06,1525862.07
2016-02-07,1531034.48
2016-02-08,1536206.90
2016-02-09,1541379.31
2016-02-10,1546551.72
2016-02-11,1551724.14
2016-02-12,1556896.55
2016-02-13,1562068.97
2016-02-14,1567241.38
2016-02-15,1572413.79
2016-02-16,1577586.21
2016-02-17,1582758.62
2016-02-18,1587931.03
2016-02-19,1593103.45
2016-02-20,1598275.86
2016-02-21,1603448.28
2016-02-22,1608620.69
2016-02-23,1613793.10
2016-02-24,1618965.52
2016-02-25,1624137.93
2016-02-26,1629310.34
2016-02-27,1634482.76
2016-02-28,1639655.17
2016-02-29,1644827.59
2016-03-01,1650000.00
2016-03-02,1655483.87
2016-03-03,1660967.74
2016-03-04,1666451.61
2016-03-05,1671935.48
2016-03-06,1677419.35
2016-03-07,1682903.23
2016-03-08,1688387.10
2016-03-09,1693870.97
2016-03-10,1699354.84
2016-03-11,1704838.71
2016-03-12,1710322.58
2016-03-13,1715806.45
2016-03-14,1721290.32
2016-03-15,1726774.19
2016-03-16,1732258.06
2016-03-17,1737741.94
2016-03-18,1743225.81
2016-03-19,1748709.68
2016-03-20,1754193.55
2016-03-21,1759677.42
2016-03-22,1765161.29
2016-03-23,1770645.16
2016-03-24,1776129.03
2016-03-25,1781612.90
2016-03-26,1787096.77
2016-03-27,1792580.65
2016-03-28,1798064.52
2016-03-29,1803548.39
2016-03-30,1809032.26
2016-03-31,1814516.13
2016-04-01,1820000.00
2016-04-02,1825333.33
2016-04-03,1830666.67
2016-04-04,1836000.00
2016-04-05,1841333.33
2016-04-06,1846666.67
2016-04-07,1852000.00
2016-04-08,1857333.33
2016-04-09,1862666.67
2016-04-10,1868000.00
2016-04-11,1873333.33
2016-04-12,1878666.67
2016-04-13,1884000.00
2016-04-14,1889333.33
2016-04-15,1894666.67
2016-04-16,1900000.00
2016-04-17,1905333.33
2016-04-18,1910666.67
2016-04-19,1916000.00
2016-04-20,1921333.33
2016-04-21,1926666.67
2016-04-22,1932000.00
2016-04-23,1937333.33
2016-04-24,1942666.67
2016-04-25,1948000.00
2016-04-26,1953333.33
2016-04-27,1958666.67
2016-04-28,1964000.00
2016-04-29,1969333.33
2016-04-30,1974666.67
2016-05-01,1980000.00
2016-05-02,1985483.87
2016-05-03,1990967.74
2016-05-04,1996451.61
2016-05-05,2001935.48
2016-05-06,2007419.35
2016-05-07,2012903.23
2016-05-08,2018387.10
2016-05-09,2023870.97
2016-05-10,2029354.84
2016-05-11,2034838.71
2016-05-12,2040322.58
2016-05-13,2045806.45
2016-05-14,2051290.32
2016-05-15,2056774.19
2016-05-16,2062258.06
2016-05-17,2067741.94
2016-05-18,2073225.81
2016-05-19,2078709.68
2016-05-20,2084193.55
2016-05-21,2089677.42
2016-05-22,2095161.29
2016-05-23,2100645.16
2016-05-24,2106129.03
2016-05-25,2111612.90
2016-05-26,2117096.77
2016-05-27,2122580.65
2016-05-28,2128064.52
2016-05-29,2133548.39
2016-05-30,2139032.26
2016-05-31,2144516.13
2016-06-01,2150000.00
2016-06-02,2155666.67
2016-06-03,2161333.33
2016-06-04,2167000.00
2016-06-05,2172666.67
2016-06-06,2178333.33
2016-06-07,2184000.00
2016-06-08,2189666.67
2016-06-09,2195333.33
2016-06-10,2201000.00
2016-06-11,2206666.67
2016-06-12,2212333.33
2016-06-13,2218000.00
2016-06-14,2223666.67
2016-06-15,2229333.33
2016-06-16,2235000.00
2016-06-17,2240666.67
2016-06-18,2246333.33
2016-06-19,2252000.00
2016-06-20,2257666.67
2016-06-21,2263333.33
2016-06-22,2269000.00
2016-06-23,2274666.67
2016-06-24,2280333.33
2016-06-25,2286000.00
2016-06-26,2291666.67
2016-06-27,2297333.33
2016-06-28,2303000.00
2016-06-29,2308666.67
2016-06-30,2314333.33
2016-07-01,2320000.00
2016-07-02,2322580.65
2016-07-03,2325161.29
2016-07-04,2327741.94
2016-07-05,2330322.58
2016-07-06,2332903.23
2016-07-07,2335483.87
2016-07-08,2338064.52
2016-07-09,2340645.16
2016-07-10,2343225.81
2016-07-11,2345806.45
2016-07-12,2348387.10
2016-07-13,2350967.74
2016-07-14,2353548.39
2016-07-15,2356129.03
2016-07-16,2358709.68
2016-07-17,2361290.32
2016-07-18,2363870.97
2016-07-19,2366451.61
2016-07-20,2369032.26
2016-07-21,2371612.90
2016-07-22,2374193.55
2016-07-23,2376774.19
2016-07-24,2379354.84
2016-07-25,2381935.48
2016-07-26,2384516.13
2016-07-27,2387096.77
2016-07-28,2389677.42
2016-07-29,2392258.06
2016-07-30,2394838.71
2016-07-31,2397419.35
2016-08-01,2400000.00
2016-08-02,2403870.97
2016-08-03,2407741.94
2016-08-04,2411612.90
2016-08-05,2415483.87
2016-08-06,2419354.84
2016-08-07,2423225.81
2016-08-08,2427096.77
2016-08-09,2430967.74
2016-08-10,2434838.71
2016-08-11,2438709.68
2016-08-12,2442580.65
2016-08-13,2446451.61
2016-08-14,2450322.58
2016-08-15,2454193.55
2016-08-16,2458064.52
2016-08-17,2461935.48
2016-08-18,2465806.45
2016-08-19,2469677.42
2016-08-20,2473548.39
2016-08-21,2477419.35
2016-08-22,2481290.32
2016-08-23,2485161.29
2016-08-24,2489032.26
2016-08-25,2492903.23
2016-08-26,2496774.19
2016-08-27,2500645.16
2016-08-28,2504516.13
2016-08-29,2508387.10
2016-08-30,2512258.06
2016-08-31,2516129.03
2016-09-01,2520000.00
2016-09-02,2526000.00
2016-09-03,2532000.00
2016-09-04,2538000.00
2016-09-05,2544000.00
2016-09-06,2550000.00
2016-09-07,2556000.00
2016-09-08,2562000.00
2016-09-09,2568000.00
2016-09-10,2574000.00
2016-09-11,2580000.00
2016-09-12,2586000.00
2016-09-13,2592000.00
2016-09-14,2598000.00
2016-09-15,2604000.00
2016-09-16,2610000.00
2016-09-17,2616000.00
2016-09-18,2622000.00
2016-09-19,2628000.00
2016-09-20,2634000.00
2016-09-21,2640000.00
2016-09-22,2646000.00
2016-09-23,2652000.00
2016-09-24,2658000.00
2016-09-25,2664000.00
2016-09-26,2670000.00
2016-09-27,2676000.00
2016-09-28,2682000.00
2016-09-29,2688000.00
2016-09-30,2694000.00
2016-10-01,2700000.00
2016-10-02,2709677.42
2016-10-03,2719354.84
2016-10-04,2729032.26
2016-10-05,2738709.68
2016-10-06,2748387.10
2016-10-07,2758064.52
2016-10-08,2767741.94
2016-10-09,2777419.35
2016-10-10,2787096.77
2016-10-11,2796774.19
2016-10-12,2806451.61
2016-10-13,2816129.03
2016-10-14,2825806.45
2016-10-15,2835483.87
2016-10-16,2845161.29
2016-10-17,2854838.71
2016-10-18,2864516.13
2016-10-19,2874193.55
2016-10-20,2883870.97
2016-10-21,2893548.39
2016-10-22,2903225.81
2016-10-23,2912903.23
2016-10-24,2922580.65
2016-10-25,2932258.06
2016-10-26,2941935.48
2016-10-27,2951612.90
2016-10-28,2961290.32
2016-10-29,2970967.74
2016-10-30,2980645.16
2016-10-31,2990322.58
2016-11-01,3000000.00
2016-11-02,3015000.00
2016-11-03,3030000.00
2016-11-04,3045000.00
2016-11-05,3060000.00
2016-11-06,3075000.00
2016-11-07,3090000.00
2016-11-08,3105000.00
2016-11-09,3120000.00
2016-11-10,3135000.00
2016-11-11,3150000.00
2016-11-12,3165000.00
2016-11-13,3180000.00
2016-11-14,3195000.00
2016-11-15,3210000.00
2016-11-16,3225000.00
2016-11-17,3240000.00
2016-11-18,3255000.00
2016-11-19,3270000.00
2016-11-20,3285000.00
2016-11-21,3300000.00
2016-11-22,3315000.00
2016-11-23,3330000.00
2016-11-24,3345000.00
2016-11-25,3360000.00
2016-11-26,3375000.00
2016-11-27,3390000.00
2016-11-28,3405000.00
2016-11-29,3420000.00
2016-11-30,3435000.00
2016-12-01,3450000.00
2016-12-02,3464516.13
2016-12-03,3479032.26
2016-12-04,3493548.39
2016-12-05,3508064.52
2016-12-06,3522580.65
2016-12-07,3537096.77
2016-12-08,3551612.90
2016-12-09,3566129.03
2016-12-10,3580645.16
2016-12-11,3595161.29
2016-12-12,3609677.42
2016-12-13,3624193.55
2016-12-14,3638709.68
2016-12-15,3653225.81
2016-12-16,3667741.94
2016-12-17,3682258.06
2016-12-18,3696774.19
2016-12-19,3711290.32
2016-12-20,3725806.45
2016-12-21,3740322.58
2016-12-22,3754838.71
2016-12-23,3769354.84
2016-12-24,3783870.97
2016-12-25,3798387.10
2016-12-26,3812903.23
2016-12-27,3827419.35
2016-12-28,3841935.48
2016-12-29,3856451.61
2016-12-30,3870967.74
2016-12-31,3885483.87
2017-01-01,3900000.00
2017-01-02,3922580.65
2017-01-03,3945161.29
2017-01-04,3967741.94
2017-01-05,3990322.58
2017-01-06,4012903.23
2017-01-07,4035483.87
2017-01-08,4058064.52
2017-01-09,4080645.16
2017-01-10,4103225.81
2017-01-11,4125806.45
2017-01-12,4148387.10
2017-01-13,4170967.74
2017-01-14,4193548.39
2017-01-15,4216129.03
2017-01-16,4238709.68
2017-01-17,4261290.32
2017-01-18,4283870.97
2017-01-19,4306451.61
2017-01-20,4329032.26
2017-01-21,4351612.90
2017-01-22,4374193.55
2017-01-23,4396774.19
2017-01-24,4419354.84
2017-01-25,4441935.48
2017-01-26,4464516.13
2017-01-27,4487096.77
2017-01-28,4509677.42
2017-01-29,4532258.06
2017-01-30,4554838.71
2017-01-31,4577419.35
2017-02-01,4600000.00
2017-02-02,4621428.57
2017-02-03,4642857.14
2017-02-04,4664285.71
2017-02-05,4685714.29
2017-02-06,4707142.86
2017-02-07,4728571.43
2017-02-08,4750000.00
2017-02-09,4771428.57
2017-02-10,4792857.14
2017-02-11,4814285.71
2017-02-12,4835714.29
2017-02-13,4857142.86
2017-02-14,4878571.43
2017-02-15,4900000.00
2017-02-16,4921428.57
2017-02-17,4942857.14
2017-02-18,4964285.71
2017-02-19,4985714.29
2017-02-20,5007142.86
2017-02-21,5028571.43
2017-02-22,5050000.00
2017-02-23,5071428.57
2017-02-24,5092857.14
2017-02-25,5114285.71
2017-02-26,5135714.29
2017-02-27,5157142.86
2017-02-28,5178571.43
2017-03-01,5200000.00
2017-03-02,5219354.84
2017-03-03,5238709.68
2017-03-04,5258064.52
2017-03-05,5277419.35
2017-03-06,5296774.19
2017-03-07,5316129.03
2017-03-08,5335483.87
2017-03-09,5354838.71
2017-03-10,5374193.55
2017-03-11,5393548.39
2017-03-12,5412903.23
2017-03-13,5432258.06
2017-03-14,5451612.90
2017-03-15,5470967.74
2017-03-16,5490322.58
2017-03-17,5509677.42
2017-03-18,5529032.26
2017-03-19,5548387.10
2017-03-20,5567741.94
2017-03-21,5587096.77
2017-03-22,5606451.61
2017-03-23,5625806.45
2017-03-24,5645161.29
2017-03-25,5664516.13
2017-03-26,5683870.97
2017-03-27,5703225.81
2017-03-28,5722580.65
2017-03-29,5741935.48
2017-03-30,5761290.32
2017-03-31,5780645.16
2017-04-01,5800000.00
2017-04-02,5830000.00
2017-04-03,5860000.00
2017-04-04,5890000.00
2017-04-05,5920000.00
2017-04-06,5950000.00
2017-04-07,5980000.00
2017-04-08,6010000.00
2017-04-09,6040000.00
2017-04-10,6070000.00
2017-04-11,6100000.00
2017-04-12,6130000.00
2017-04-13,6160000.00
2017-04-14,6190000.00
2017-04-15,6220000.00
2017-04-16,6250000.00
2017-04-17,6280000.00
2017-04-18,6310000.00
2017-04-19,6340000.00
2017-04-20,6370000.00
2017-04-21,6400000.00
2017-04-22,6430000.00
2017-04-23,6460000.00
2017-04-24,6490000.00
2017-04-25,6520000.00
2017-04-26,6550000.00
2017-04-27,6580000.00
2017-04-28,6610000.00
2017-04-29,6640000.00
2017-04-30,6670000.00
2017-05-01,6700000.00
2017-05-02,6732258.06
2017-05-03,6764516.13
2017-05-04,6796774.19
2017-05-05,6829032.26
2017-05-06,6861290.32
2017-05-07,6893548.39
2017-05-08,6925806.45
2017-05-09,6958064.52
2017-05-10,6990322.58
2017-05-11,7022580.65
2017-05-12,7054838.71
2017-05-13,7087096.77
2017-05-14,7119354.84
2017-05-15,7151612.90
2017-05-16,7183870.97
2017-05-17,7216129.03
2017-05-18,7248387.10
2017-05-19,7280645.16
2017-05-20,7312903.23
2017-05-21,7345161.29
2017-05-22,7377419.35
2017-05-23,7409677.42
2017-05-24,7441935.48
2017-05-25,7474193.55
2017-05-26,7506451.61
2017-05-27,7538709.68
2017-05-28,7570967.74
2017-05-29,7603225.81
2017-05-30,7635483.87
2017-05-31,7667741.94
2017-06-01,7700000.00
2017-06-02,7743333.33
2017-06-03,7786666.67
2017-06-04,7830000.00
2017-06-05,7873333.33
2017-06-06,7916666.67
2017-06-07,7960000.00
2017-06-08,8003333.33
2017-06-09,8046666.67
2017-06-10,8090000.00
2017-06-11,8133333.33
2017-06-12,8176666.67
2017-06-13,8220000.00
2017-06-14,8263333.33
2017-06-15,8306666.67
2017-06-16,8350000.00
2017-06-17,8393333.33
2017-06-18,8436666.67
2017-06-19,8480000.00
2017-06-20,8523333.33
2017-06-21,8566666.67
2017-06-22,8610000.00
2017-06-23,8653333.33
2017-06-24,8696666.67
2017-06-25,8740000.00
2017-06-26,8783333.33
2017-06-27,8826666.67
2017-06-28,8870000.00
2017-06-29,8913333.33
2017-06-30,8956666.67
2017-07-01,9000000.00
2017-07-02,9058064.52
2017-07-03,9116129.03
2017-07-04,9174193.55
2017-07-05,9232258.06
2017-07-06,9290322.58
2017-07-07,9348387.10
2017-07-08,9406451.61
2017-07-09,9464516.13
2017-07-10,9522580.65
2017-07-11,9580645.16
2017-07-12,9638709.68
2017-07-13,9696774.19
2017-07-14,9754838.71
2017-07-15,9812903.23
2017-07-16,9870967.74
2017-07-17,9929032.26
2017-07-18,9987096.77
2017-07-19,10045161.29
2017-07-20,10103225.81
2017-07-21,10161290.32
2017-07-22,10219354.84
2017-07-23,10277419.35
2017-07-24,10335483.87
2017-07-25,10393548.39
2017-07-26,10451612.90
2017-07-27,10509677.42
2017-07-28,10567741.94
2017-07-29,10625806.45
2017-07-30,10683870.97
2017-07-31,10741935.48
2017-08-01,10800000.00
2017-08-02,10832258.06
2017-08-03,10864516.13
2017-08-04,10896774.19
2017-08-05,10929032.26
2017-08-06,10961290.32
2017-08-07,10993548.39
2017-08-08,11025806.45
2017-08-09,11058064.52
2017-08-10,11090322.58
2017-08-11,11122580.65
2017-08-12,11154838.71
2017-08-13,11187096.77
2017-08-14,11219354.84
2017-08-15,11251612.90
2017-08-16,11283870.97
2017-08-17,11316129.03
2017-08-18,11348387.10
2017-08-19,11380645.16
2017-08-20,11412903.23
2017-08-21,11445161.29
2017-08-22,11477419.35
2017-08-23,11509677.42
2017-08-24,11541935.48
2017-08-25,11574193.55
2017-08-26,11606451.61
2017-08-27,11638709.68
2017-08-28,11670967.74
2017-08-29,11703225.81
2017-08-30,11735483.87
2017-08-31,11767741.94
2017-09-01,11800000.00
2017-09-02,11840000.00
2017-09-03,11880000.00
2017-09-04,11920000.00
2017-09-05,11960000.00
2017-09-06,12000000.00
2017-09-07,12040000.00
2017-09-08,12080000.00
2017-09-09,12120000.00
2017-09-10,12160000.00
2017-09-11,12200000.00
2017-09-12,12240000.00
2017-09-13,12280000.00
2017-09-14,12320000.00
2017-09-15,12360000.00
2017-09-16,12400000.00
2017-09-17,12440000.00
2017-09-18,12480000.00
2017-09-19,12520000.00
2017-09-20,12560000.00
2017-09-21,12600000.00
2017-09-22,12640000.00
2017-09-23,12680000.00
2017-09-24,12720000.00
2017-09-25,12760000.00
2017-09-26,12800000.00
2017-09-27,12840000.00
2017-09-28,12880000.00
2017-09-29,12920000.00
2017-09-30,12960000.00
2017-10-01,13000000.00
2017-10-02,13048387.10
2017-10-03,13096774.19
2017-10-04,13145161.29
2017-10-05,13193548.39
2017-10-06,13241935.48
2017-10-07,13290322.58
2017-10-08,13338709.68
2017-10-09,13387096.77
2017-10-10,13435483.87
2017-10-11,13483870.97
2017-10-12,13532258.06
2017-10-13,13580645.16
2017-10-14,13629032.26
2017-10-15,13677419.35
2017-10-16,13725806.45
2017-10-17,13774193.55
2017-10-18,13822580.65
2017-10-19,13870967.74
2017-10-20,13919354.84
2017-10-21,13967741.94
2017-10-22,14016129.03
2017-10-23,14064516.13
2017-10-24,14112903.23
2017-10-25,14161290.32
2017-10-26,14209677.42
2017-10-27,14258064.52
2017-10-28,14306451.61
2017-10-29,14354838.71
2017-10-30,14403225.81
2017-10-31,14451612.90
2017-11-01,14500000.00
2017-11-02,14566666.67
2017-11-03,14633333.33
2017-11-04,14700000.00
2017-11-05,14766666.67
2017-11-06,14833333.33
2017-11-07,14900000.00
2017-11-08,14966666.67
2017-11-09,15033333.33
2017-11-10,15100000.00
2017-11-11,15166666.67
2017-11-12,15233333.33
2017-11-13,15300000.00
2017-11-14,15366666.67
2017-11-15,15433333.33
2017-11-16,15500000.00
2017-11-17,15566666.67
2017-11-18,15633333.33
2017-11-19,15700000.00
2017-11-20,15766666.67
2017-11-21,15833333.33
2017-11-22,15900000.00
2017-11-23,15966666.67
2017-11-24,16033333.33
2017-11-25,16100000.00
2017-11-26,16166666.67
2017-11-27,16233333.33
2017-11-28,16300000.00
2017-11-29,16366666.67
2017-11-30,16433333.33
2017-12-01,16500000.00
2017-12-02,16532258.06
2017-12-03,16564516.13
2017-12-04,16596774.19
2017-12-05,16629032.26
2017-12-06,16661290.32
2017-12-07,16693548.39
2017-12-08,16725806.45
2017-12-09,16758064.52
2017-12-10,16790322.58
2017-12-11,16822580.65
2017-12-12,16854838.71
2017-12-13,16887096.77
2017-12-14,16919354.84
2017-12-15,16951612.90
2017-12-16,16983870.97
2017-12-17,17016129.03
2017-12-18,17048387.10
2017-12-19,17080645.16
2017-12-20,17112903.23
2017-12-21,17145161.29
2017-12-22,17177419.35
2017-12-23,17209677.42
2017-12-24,17241935.48
2017-12-25,17274193.55
2017-12-26,17306451.61
2017-12-27,17338709.68
2017-12-28,17370967.74
2017-12-29,17403225.81
2017-12-30,17435483.87
2017-12-31,17467741.94
